{
  "project_info": {
    "project_number": "1066413123203",
    "project_id": "access-pro-5e781",
    "storage_bucket": "access-pro-5e781.appspot.com"
  },
  "client": [
    {
      "client_info": {
        "mobilesdk_app_id": "1:1066413123203:android:1686bdfa6fb65829d31db6",
        "android_client_info": {
          "package_name": "com.example.assess"
        }
      },
      "oauth_client": [],
      "api_key": [
        {
          "current_key": "AIzaSyBsU9W2kRAr6FXDESTCeaf0Dbb4MnZ1G_Y"
        }
      ],
      "services": {
        "appinvite_service": {
          "other_platform_oauth_client": []
        }
      }
    }
  ],
  "configuration_version": "1"
}